x,y,z,vx,vy,vz
1600.0,1544.4444440000002,-400.0,0.0,0.0,0.0
1600.5215561808832,1544.4663803216836,-400.91869230362516,2.844232314946904e-11,-1.0310105200139752e-11,-6.056082718641775e-11
