x,y,z,vx,vy,vz
1600.0,1544.4444440000002,-400.0,0.0,0.0,0.0
1600.5215561808832,1544.4663803216836,-400.91869230362516,2.844232314946904e-11,-1.0310105200139752e-11,-6.056082718641775e-11
1600.7390785830114,1544.598441063949,-401.91880467129073,1.9664938080699024e-11,1.2195540584347686e-11,-5.4470074284385106e-11
