x,y,z,vx,vy,vz
1600.0,1544.4444440000002,-400.0,0.0,0.0,0.0
1600.5215561808832,1544.4663803216836,-400.91869230362516,2.844232314946904e-11,-1.0310105200139752e-11,-6.056082718641775e-11
1600.7390785830114,1544.598441063949,-401.91880467129073,1.9664938080699024e-11,1.2195540584347686e-11,-5.4470074284385106e-11
1600.9848008569625,1544.55766951723,-402.7494849503935,8.280326077581002e-12,7.07587070533644e-12,-5.344779133165112e-11
1601.1726292100084,1544.9160953806395,-403.48151411983804,2.2392756052203033e-11,1.986368881878864e-11,-4.51906602416674e-11
