x,y,z,pr_eig_x,pr_eig_y,pr_eig_z
1600.0,1544.4444440000002,-400.0,1.0,0.0,0.0
1600.5215561808832,1544.4663803216836,-400.91869230362516,0.7090885639190674,0.23835137486457825,0.6636128425598145
1600.7390785830114,1544.598441063949,-401.91880467129073,0.739378809928894,-0.11350395530462265,0.6636533737182617
1600.9848008569625,1544.55766951723,-402.7494849503935,-0.7634027004241943,0.018472040072083473,-0.6456586122512817
1601.1726292100084,1544.9160953806395,-403.48151411983804,-0.6894863843917847,0.2873587906360626,-0.66485595703125
