x,y,z,pr_eig_x,pr_eig_y,pr_eig_z
1600.0,1544.4444440000002,-400.0,1.0,0.0,0.0
1600.5215561808832,1544.4663803216836,-400.91869230362516,0.7090885639190674,0.23835137486457825,0.6636128425598145
1600.7390785830114,1544.598441063949,-401.91880467129073,0.739378809928894,-0.11350395530462265,0.6636533737182617
